seconds,beetles,prowlers,floaters,cage_origin,chickens
0.000,0,0,0,0,0
1.005,0,0,0,0,0
2.008,0,0,0,0,0
3.004,0,0,0,0,0
4.007,0,0,0,0,0
5.028,0,0,0,0,0
6.025,0,0,0,0,0
7.010,0,0,1,0,0
8.002,0,0,1,0,0
9.003,0,0,2,0,0
10.003,0,0,2,0,0
11.000,0,0,2,0,0
12.002,0,0,2,0,0
13.003,0,0,3,0,0
14.008,0,0,3,0,0
15.007,0,0,3,0,0
16.002,0,0,3,0,0
17.003,0,0,4,0,0
18.003,0,0,4,0,0
19.011,0,0,4,0,0
20.011,0,0,4,0,0
21.007,0,0,4,0,0
22.007,0,0,4,0,0
23.005,0,0,4,0,0
24.006,0,0,4,0,0
25.006,0,0,4,0,0
26.007,0,0,4,0,0
27.008,0,0,4,0,0
28.009,0,0,4,0,0
29.010,0,0,4,0,0
30.010,0,0,4,0,0
31.008,0,0,4,0,0
32.012,0,0,4,0,0
33.004,0,0,4,0,0
34.034,0,0,4,0,0
35.006,0,0,4,0,0
36.009,0,0,4,0,0
37.010,0,0,4,0,0
38.003,0,0,4,0,0
39.007,0,0,4,0,0
40.004,0,0,4,0,0
41.004,0,0,4,0,0
42.085,0,0,4,0,0
43.038,0,0,4,0,0
44.013,0,0,4,0,0
45.003,0,0,4,0,0
46.004,0,0,4,0,0
47.004,0,0,4,0,0
48.000,0,0,4,0,0
49.007,0,0,4,0,0
50.007,0,0,4,0,0
51.005,0,0,4,0,0
52.004,0,0,4,0,0
53.008,0,0,4,0,0
54.010,0,0,4,0,0
55.010,0,0,4,0,0
56.004,0,0,4,0,0
57.007,0,0,4,0,0
58.004,0,0,4,0,0
59.009,0,0,4,0,0
60.005,0,0,4,0,0
61.000,0,0,4,0,0
62.010,0,0,4,0,0
63.001,0,0,4,0,0
64.006,0,0,4,0,0
65.014,0,0,4,0,0
66.007,0,0,4,0,0
67.011,0,0,4,0,0
68.004,0,0,4,0,0
69.013,0,0,4,0,0
70.003,0,0,4,0,0
71.005,0,0,4,0,0
72.007,0,0,4,0,0
73.005,0,0,4,0,0
74.009,0,0,4,0,0
75.008,0,0,4,0,0
76.026,0,0,4,0,0
77.006,0,0,4,0,0
78.010,0,0,4,0,0
79.010,0,0,4,0,0
80.006,0,0,4,0,0
81.010,0,0,4,0,0
82.022,0,0,4,0,0
83.009,0,0,4,0,0
84.013,0,0,4,0,0
85.069,0,0,4,0,0
86.008,0,0,4,0,0
87.010,0,0,4,0,0
88.016,0,0,4,0,0
89.003,0,0,4,0,0
90.002,0,0,4,0,0
91.005,0,0,4,0,0
92.002,0,0,4,0,0
93.017,0,0,4,0,0
94.001,0,0,4,0,0
95.009,0,0,4,0,0
96.001,0,0,4,0,0
97.002,0,0,4,0,0
98.001,0,0,4,0,0
99.010,0,0,4,0,0
100.004,0,0,4,0,0
101.009,0,0,4,0,0
102.003,0,0,4,0,0
103.027,0,0,4,0,0
104.002,0,0,4,0,0
105.006,0,0,4,0,0
106.005,0,0,4,0,0
107.002,0,0,4,0,0
108.011,0,0,4,0,0
109.010,0,0,4,0,0
110.008,0,0,4,0,0
111.004,0,0,4,0,0
112.004,0,0,4,0,0
113.017,0,0,4,0,0
114.010,0,0,4,0,0
115.003,0,0,4,0,0
116.004,0,0,4,0,0
117.007,0,0,4,0,0
118.001,0,0,4,0,0
119.014,0,0,4,0,0
